Dataset,# of critical instances,Time to execute
0,4,38.5522563457489
1,1,40.59710335731506
