Dataset,# of critical instances,Time to execute
0,23,22446.373155117035
1,32,130.8773205280304
2,0,29.709615230560303
